HubID,n,rmsle,mean_actual
971,30,1.4228096969357014,9484.233333333334
415,34,0.40768854906540103,6430.911764705882
183,26,0.32731871805987234,7061.192307692308
39,33,0.23071124488032926,5659.818181818182
917,33,0.20301994598584092,6817.727272727273
310,42,0.2013913362405632,8238.690476190477
524,42,0.19454250093279157,7099.523809523809
286,33,0.18395709388382775,3830.4242424242425
657,33,0.16711153197756032,6316.666666666667
170,33,0.1670513405520488,4164.606060606061
517,34,0.1644683746179764,5980.411764705882
433,42,0.16286803862591254,4944.4047619047615
1081,42,0.16125084600383943,6465.142857142857
209,42,0.15734330819287826,5375.166666666667
1017,34,0.15554647307865874,6768.205882352941
547,33,0.15424186652064453,6274.484848484848
268,34,0.15252741697666927,5188.735294117647
711,33,0.15218929891773392,6013.818181818182
722,34,0.1504411750733626,10268.29411764706
1045,42,0.1479683239326481,7645.9047619047615
770,33,0.14600303404668924,5065.666666666667
13,33,0.14244064121739594,5001.30303030303
902,33,0.1420000951291141,4192.090909090909
988,34,0.13991155344880923,5088.382352941177
125,34,0.1398813200385909,12365.70588235294
538,34,0.13837112380917158,4302.117647058823
732,42,0.13743701556856502,6425.476190476191
696,34,0.13738362523170253,9166.0
530,42,0.13671706764741892,5432.071428571428
505,33,0.13659167105966324,5640.151515151515
931,42,0.13384528984362146,3572.7619047619046
177,34,0.13332319425016265,3793.0882352941176
709,34,0.1324537864143207,10423.323529411764
719,33,0.13193563710065417,5492.939393939394
453,42,0.1315984262147955,8395.738095238095
867,42,0.12963005794437563,4280.357142857143
274,42,0.128820624999687,5053.928571428572
122,42,0.12722213893844875,6792.642857142857
1073,33,0.12672624112500436,10043.666666666666
608,34,0.12593637914213074,9574.558823529413
144,34,0.12545589660378276,7692.5
91,33,0.12470578842974213,4633.272727272727
307,34,0.1241387824234934,2689.0
468,34,0.12340584088227328,5772.941176470588
1027,33,0.1233820591908808,13099.848484848484
254,33,0.12248935967154223,3468.090909090909
21,33,0.12222025134390596,5731.636363636364
423,42,0.12212777192383685,11799.5
437,34,0.12049379114749548,7309.382352941177
299,42,0.12009252643709668,6873.5
85,42,0.11992059279769719,7694.309523809524
131,33,0.11933468019592779,5340.727272727273
61,33,0.11920090748060025,5240.575757575758
40,33,0.11887133996313098,4364.333333333333
87,34,0.11835575652507566,6149.411764705882
324,34,0.11829839085521625,5300.85294117647
904,33,0.11751315116209766,5610.787878787879
577,34,0.1174796850077435,4687.735294117647
95,34,0.11712023666655982,7057.735294117647
99,33,0.11700300359480897,6051.060606060606
903,33,0.11639529361130753,11810.515151515152
972,34,0.11616011942717384,3444.8529411764707
764,33,0.11459284714591354,4158.090909090909
96,34,0.11401324223296201,5440.970588235294
671,33,0.11364994077827993,6939.515151515152
407,33,0.113643248844451,4541.606060606061
263,33,0.11359158239111576,4540.060606060606
587,33,0.1134561684481378,11396.484848484848
267,34,0.1133753114213077,9166.617647058823
1031,33,0.11312572047205639,5059.242424242424
604,33,0.11303149201222751,7498.939393939394
897,33,0.11277467503492129,3414.4242424242425
510,33,0.11250589745740071,8891.454545454546
337,33,0.11232752062568327,5502.272727272727
461,33,0.11223355462635222,4779.939393939394
525,34,0.11199115001735262,9822.911764705883
839,34,0.11173023163744704,4002.205882352941
863,42,0.11166400789444081,7406.738095238095
558,34,0.11119880703993502,3197.4117647058824
1000,33,0.11101299513238543,7501.727272727273
663,33,0.11055523404735093,6204.818181818182
208,34,0.11027992401242812,3083.1176470588234
669,33,0.11006927113996247,5208.212121212121
185,34,0.11002570536220428,7173.941176470588
462,34,0.1094879209967889,4710.264705882353
232,34,0.10945903473432808,3941.0
879,33,0.10942392633141854,4185.212121212121
198,34,0.10929892474112318,2834.970588235294
584,33,0.10902037969484438,5367.242424242424
421,34,0.10873235224302528,9822.529411764706
710,33,0.1085058390422968,5027.939393939394
952,33,0.10842008085822671,6430.818181818182
892,34,0.10818284972550404,7563.823529411765
165,33,0.10804894717495579,4003.212121212121
266,34,0.10803486158208077,4220.029411764706
630,33,0.10792842252152075,6005.636363636364
1012,33,0.10766181731705513,6214.969696969697
1050,33,0.10736913720364305,7570.636363636364
441,33,0.10732944421941332,7366.757575757576
795,33,0.1071124313878352,4910.727272727273
385,33,0.1071100473531583,7893.666666666667
276,34,0.10703241857335218,3861.4117647058824
953,34,0.10688255514972221,5516.14705882353
750,33,0.1065809728480326,5313.30303030303
430,33,0.10621791011618524,9247.818181818182
50,33,0.10615166834113059,4766.787878787879
103,34,0.10604206915431187,4793.5
41,33,0.10578157350074718,6340.30303030303
852,33,0.10569256369389873,4531.636363636364
503,34,0.10563635236446423,7082.558823529412
590,33,0.10533888520326846,5448.090909090909
915,33,0.10519018337097273,6883.151515151515
634,34,0.10440906945091319,6822.117647058823
217,34,0.10432685672088164,5133.735294117647
712,33,0.10398974702205828,6159.939393939394
80,33,0.10385058851747567,8445.121212121212
914,34,0.10385034067379954,9162.058823529413
568,33,0.10384835899221666,5582.30303030303
428,33,0.10360534849271127,6707.333333333333
842,33,0.1033955732842969,20906.333333333332
302,33,0.10329341774125378,4074.151515151515
553,33,0.103043098358282,7885.757575757576
483,34,0.10298855903234957,5005.35294117647
805,33,0.10287176183344962,5938.575757575758
72,33,0.10257314538257767,4609.060606060606
335,42,0.10256643638367072,14009.0
1099,42,0.10242551788208151,7397.4047619047615
815,33,0.10228815450228619,6464.121212121212
521,33,0.10207758624080004,5427.484848484848
661,33,0.10161923399208443,7530.606060606061
269,33,0.10155952688286132,9706.0
288,33,0.10124586992650599,6042.69696969697
373,33,0.10123046528300973,4777.636363636364
412,33,0.10122398239449655,9981.121212121212
434,33,0.10100548014817902,11160.848484848484
614,34,0.10089937309238267,6671.970588235294
942,33,0.10085715969750811,6737.909090909091
301,34,0.10065464780616341,5496.764705882353
885,33,0.10056747786500773,6325.333333333333
1083,33,0.10056677621728398,5814.69696969697
675,33,0.10050924612879727,3865.030303030303
1103,33,0.10025059064907169,5932.424242424242
841,34,0.10019538866659537,2632.970588235294
186,33,0.10004196892609889,4063.3030303030305
440,33,0.09909160708568931,5659.606060606061
1074,34,0.09906970119359808,5259.294117647059
210,33,0.0989554212652837,3269.4545454545455
379,34,0.09892533481444447,4311.323529411765
905,33,0.09891683915458609,7173.393939393939
1115,33,0.09882288225724505,7498.0
187,34,0.09869110655889422,6262.588235294118
203,34,0.09831353369926912,6997.411764705882
257,34,0.09831104175783259,5149.205882352941
242,33,0.0982961019346127,4226.727272727273
78,34,0.09822201754659163,3786.4117647058824
149,33,0.09820693792063981,5676.333333333333
840,34,0.09812824114325303,6994.558823529412
283,33,0.09802384505708733,7856.757575757576
607,34,0.09791295936283502,3765.794117647059
573,33,0.09790720094289972,4001.969696969697
800,33,0.09769930394598506,5017.030303030303
102,33,0.09744436741372181,7496.090909090909
611,33,0.09739734867935412,6147.636363636364
398,34,0.09737384431896262,5642.529411764706
735,34,0.09712693891979834,5562.85294117647
649,34,0.09711481112360917,3764.676470588235
306,33,0.09699222798635901,4570.636363636364
1057,34,0.09688437142591659,6614.5
641,33,0.09684675990889904,5856.939393939394
1030,34,0.09673067371307809,3546.0588235294117
484,34,0.09648733659578848,7921.029411764706
110,34,0.09641970949475981,4412.323529411765
702,33,0.09640433102877563,4456.787878787879
1067,33,0.09604616728955012,6502.090909090909
869,34,0.09603912735408544,6036.882352941177
460,34,0.09602656110934989,3724.3823529411766
519,34,0.09601302590163545,5410.764705882353
450,33,0.09595060750556364,9242.121212121212
1004,33,0.09594872918212011,5916.0
891,33,0.09583658012396418,7505.969696969697
345,33,0.09575236284223046,4367.515151515152
751,33,0.09565992450816187,4491.030303030303
871,33,0.09563018136964554,7299.515151515152
20,33,0.09560747640661107,8518.212121212122
970,33,0.09554137700331106,3141.757575757576
37,34,0.09551575694150588,6936.264705882353
944,34,0.09520562473764738,7342.85294117647
317,33,0.09509977068995527,5943.878787878788
1014,33,0.09509753252588508,10738.636363636364
964,33,0.09495900744582085,9635.454545454546
1049,33,0.09490157369281638,3933.909090909091
113,33,0.09483091928467188,6174.272727272727
736,33,0.09469943088292186,5043.060606060606
822,34,0.09469900202804545,7399.058823529412
275,33,0.09465697847489482,6826.090909090909
881,33,0.09450639858070203,4285.606060606061
100,33,0.09428896576385969,8598.666666666666
956,33,0.09425590291512946,3333.242424242424
192,33,0.09412462251907712,13358.90909090909
1104,33,0.09411740025413971,5468.727272727273
837,33,0.09410508869362477,4231.606060606061
414,33,0.09391218323925214,7061.969696969697
1068,33,0.09388363153294058,4716.393939393939
429,33,0.09388136692739243,5580.151515151515
801,34,0.09385309992513947,5340.411764705882
991,33,0.09381886607853361,6288.575757575758
997,33,0.0937489476904096,5124.515151515152
705,33,0.09348355919944577,8383.30303030303
68,34,0.09343941846197852,7714.029411764706
422,34,0.0933853308289318,4488.64705882353
444,34,0.09338388417065009,11520.20588235294
912,34,0.09336445179737347,5833.735294117647
63,34,0.09331805693165719,7439.5
1093,34,0.09298894472260535,8769.35294117647
786,34,0.09287725627271418,3453.735294117647
563,33,0.09285032656598628,4862.939393939394
636,33,0.09254780196611878,6529.333333333333
925,33,0.09230516027862104,7267.878787878788
1015,33,0.09225966659031049,6445.969696969697
893,33,0.09223488948505225,6598.363636363636
550,33,0.092033194414332,7345.30303030303
596,34,0.09199412618043298,4597.823529411765
1082,34,0.09184616400171809,6506.941176470588
326,33,0.09175284170014408,5789.333333333333
578,42,0.09170688288267932,8814.619047619048
136,33,0.09164636556576804,5781.545454545455
548,33,0.09155167573734026,5368.424242424242
845,33,0.09154125544054793,5245.666666666667
218,33,0.09153549015612363,4972.575757575758
262,42,0.0913952534797282,21864.238095238095
1018,34,0.09128524076752134,11280.64705882353
918,34,0.09126676663769939,5389.676470588235
327,34,0.09125151913545348,8019.382352941177
684,33,0.09124174254631347,9421.060606060606
75,34,0.09116726905792039,6311.676470588235
500,33,0.09103286722254507,6206.515151515152
182,33,0.09087545961760066,5807.606060606061
121,34,0.09086562707096006,4513.64705882353
699,33,0.09086354110685226,7813.090909090909
420,33,0.09082558138864398,5495.818181818182
864,33,0.09082121527756647,4684.060606060606
485,33,0.09079121270833554,5499.757575757576
660,33,0.09066064266644575,5012.333333333333
1036,33,0.09039553168030862,5538.727272727273
65,34,0.09035964986955783,5259.64705882353
797,33,0.09031616830221201,5385.484848484848
499,33,0.09025128134904774,6177.272727272727
330,33,0.0901852037698771,4328.69696969697
1094,33,0.09017869127905699,5221.939393939394
1110,34,0.09016469423164113,5054.441176470588
1065,33,0.0901417099514496,4437.636363636364
980,33,0.09012144536393646,6691.030303030303
45,33,0.0901056355732308,5630.333333333333
804,33,0.0900791277455066,5261.484848484848
313,34,0.08991516871992031,7076.294117647059
685,33,0.08975588360968915,6111.363636363636
955,33,0.08969414710448953,5405.454545454545
666,33,0.08963834640291116,7628.575757575758
458,33,0.08958596446793853,8062.757575757576
1056,33,0.08956184764612188,4830.939393939394
628,34,0.08954405256378516,6437.617647058823
347,33,0.08941890226200198,5471.636363636364
1113,34,0.0893830331746631,6631.911764705882
518,33,0.08926922933961182,6445.757575757576
401,34,0.0891808304581973,7570.205882352941
522,33,0.08918053016041425,9086.181818181818
851,33,0.08916326882052097,5611.030303030303
375,34,0.08909586621069131,9368.64705882353
598,33,0.0890868847332287,5951.363636363636
52,33,0.0890229940796994,6827.363636363636
395,33,0.08893548088665412,4243.848484848485
402,34,0.0888783114844497,5854.205882352941
777,33,0.08884946234497944,4733.515151515152
554,34,0.08883243896870004,5366.088235294118
772,34,0.08881308184711832,4064.6470588235293
694,33,0.08876603039101771,8641.69696969697
629,33,0.0887393653679494,6707.939393939394
239,33,0.08871501690130623,5752.787878787879
688,34,0.08870365632026331,3655.735294117647
1100,33,0.08869480572136762,5164.727272727273
706,33,0.0886098268340349,6117.515151515152
409,33,0.0885817066374605,6215.727272727273
139,33,0.08856404046285145,6839.363636363636
442,33,0.08843387060698604,4787.969696969697
225,34,0.08842066579727807,5401.676470588235
650,33,0.08833855268391334,6587.0
785,33,0.08826820239385366,7764.909090909091
22,33,0.08814081526526713,4818.969696969697
338,33,0.0880234388609757,7033.333333333333
1032,34,0.08801014898611556,9216.235294117647
713,33,0.08782853472490783,9762.969696969696
676,42,0.0877193705971226,10037.904761904761
216,33,0.08769601551412479,7072.121212121212
627,33,0.08765944363487774,6936.393939393939
680,34,0.08760650492813697,5151.764705882353
193,33,0.08754170585803268,5357.454545454545
1076,33,0.08742188767901153,4289.545454545455
989,33,0.08728989953089869,5452.787878787879
740,33,0.08725088019404066,7859.818181818182
194,33,0.0871993970109121,5040.393939393939
765,33,0.08712751106751321,8970.121212121212
874,34,0.08708205563915906,5137.0
677,33,0.08696317695150348,7374.575757575758
873,34,0.08691873030195126,3819.4411764705883
866,33,0.08689540305486237,7334.484848484848
619,33,0.0868471977340177,4410.818181818182
214,33,0.08682270657139171,10205.09090909091
305,33,0.0867352775542868,6776.212121212121
300,33,0.0866567499789445,7778.060606060606
367,34,0.08665318729361189,5650.14705882353
782,33,0.08656573930943892,5921.030303030303
350,33,0.08653274805124145,7457.0
318,34,0.08648867332344991,7469.264705882353
81,33,0.0864759152285202,7688.757575757576
752,33,0.08645163001845657,5322.454545454545
1112,33,0.0864137176419532,9894.69696969697
394,33,0.0863887278864273,9201.575757575758
883,33,0.08630167010368624,5044.69696969697
368,33,0.08626702023210922,10750.333333333334
678,33,0.0861434455539906,7967.69696969697
231,33,0.08613581234114942,5247.606060606061
101,34,0.08612414303303763,7862.441176470588
803,33,0.08612271557133108,6265.69696969697
939,33,0.08610348193005178,6295.363636363636
601,33,0.08598422433269604,5166.454545454545
626,34,0.08588892514628146,9444.176470588236
717,33,0.08583065899644976,5512.939393939394
325,33,0.08566378713916849,6504.757575757576
854,34,0.08564481481037856,6361.264705882353
98,33,0.08563924070467134,5769.212121212121
58,33,0.08560068739035846,7441.848484848485
482,34,0.08558458071619264,7904.0
488,34,0.08551379613730065,3701.4117647058824
674,33,0.08549102391856454,8402.424242424242
1086,33,0.08538841729080898,5994.454545454545
11,34,0.08534395140421518,7425.264705882353
38,33,0.08532064653794115,6638.545454545455
438,34,0.08522550487048056,5780.264705882353
265,33,0.08520262018396188,5447.272727272727
340,34,0.08519967112310921,6799.35294117647
990,34,0.08518046322645904,6540.235294117647
130,33,0.08515879774633538,5321.242424242424
66,33,0.08512686660551902,6420.878787878788
908,33,0.08509549846909903,4233.363636363636
169,33,0.0850267740805363,6222.121212121212
624,33,0.08501315811115936,7164.818181818182
35,33,0.08501080367376483,11985.424242424242
745,34,0.08494577711725904,7523.794117647059
89,33,0.08491738476587417,6334.666666666667
393,33,0.08491166519608391,6294.030303030303
583,34,0.08488468208984383,4368.911764705882
1108,34,0.08486495545317756,5872.264705882353
820,33,0.08480535760839035,12257.787878787878
748,33,0.08474764360244509,6140.363636363636
229,33,0.08463925472793853,9462.060606060606
445,33,0.08459508593972011,9469.30303030303
258,33,0.08438744697166689,6085.060606060606
220,33,0.08434235499487612,5035.69696969697
794,34,0.08430930152059614,3481.6176470588234
1102,33,0.08430442149055893,6986.666666666667
435,33,0.08429988104158587,3379.4848484848485
133,34,0.08424872570149686,6027.294117647059
1084,33,0.0841779258059544,6471.787878787879
827,34,0.08417190365368837,15566.70588235294
371,33,0.08416402753903199,6959.545454545455
802,34,0.08415009251208613,7056.382352941177
858,33,0.08407755131183375,5231.818181818182
543,33,0.08399237260182264,2699.060606060606
492,33,0.0839508037615283,8294.818181818182
114,34,0.08389396927656124,5494.14705882353
1070,34,0.08387695262393476,7320.764705882353
382,34,0.08385005594246732,7879.705882352941
922,33,0.08376044001268482,8073.818181818182
778,33,0.08375166162758595,5821.484848484848
588,34,0.08369255767229453,6333.823529411765
322,34,0.0836880059920762,5112.85294117647
463,33,0.08368132295671253,6464.969696969697
747,34,0.08356439613011693,8084.823529411765
1028,33,0.08354863770764259,5255.393939393939
574,33,0.08353062690083383,9640.727272727272
443,34,0.08350786286196417,5428.970588235294
1019,33,0.08349376127447186,8974.424242424242
1023,34,0.08344742331288671,5932.441176470588
681,33,0.08343887550978589,4039.939393939394
475,33,0.08342136495629698,6868.484848484848
996,34,0.0834181710561444,7443.911764705882
868,33,0.08340265461770048,10257.454545454546
625,33,0.08339252319430637,6940.606060606061
910,34,0.08334709972650496,6071.088235294118
708,34,0.08331380927688509,5873.705882352941
255,33,0.08319134276383455,6896.69696969697
455,33,0.08311197301642075,8096.727272727273
321,34,0.08303581246494202,6336.14705882353
219,33,0.08291086163747888,3323.181818181818
686,34,0.08283046882696463,6366.058823529412
43,33,0.08281502834130704,6762.454545454545
875,33,0.08280907439566229,5259.848484848485
556,34,0.08276756937747251,7363.85294117647
687,33,0.08271663063902807,9828.030303030304
762,33,0.0826956946922334,4421.969696969697
164,33,0.0826782456046731,6893.69696969697
174,33,0.08266739055775309,6645.909090909091
356,33,0.08252918197915886,6543.545454545455
150,34,0.08252595518043267,8721.70588235294
825,33,0.08244536407306907,5110.606060606061
1088,33,0.08222607170725457,5569.515151515152
504,34,0.08221873253179145,6924.117647058823
28,34,0.08221550480489116,4731.029411764706
1058,33,0.08220119041442381,7693.30303030303
723,33,0.08214702403406797,8273.757575757576
474,34,0.0821338774354689,7951.470588235294
215,33,0.08212266549007687,6766.666666666667
769,42,0.08210757428595251,12695.380952380952
201,33,0.08208471385397285,5587.545454545455
491,33,0.08207394685610163,7388.060606060606
859,33,0.08206754937129823,8309.454545454546
285,33,0.08199401776052684,5897.363636363636
998,33,0.0819819822852451,4680.363636363636
981,34,0.08193149964701456,7451.35294117647
941,33,0.0819197683409228,5389.515151515152
571,33,0.08191313928416567,8903.545454545454
715,34,0.08190579324498097,6340.823529411765
646,33,0.08188897388493874,5318.545454545455
844,33,0.08188566553688333,4356.575757575758
124,33,0.08185275582280965,4995.090909090909
753,33,0.08184701291075015,8866.121212121212
25,33,0.0818017495792877,11251.030303030304
727,33,0.08176548195320217,4804.454545454545
581,33,0.08175576540949402,5171.69696969697
749,33,0.08172438515928315,4713.272727272727
5,34,0.08172363398536889,4771.764705882353
126,33,0.0817061514270363,5787.242424242424
476,34,0.08169127837175295,6160.676470588235
515,33,0.08161653086930495,9603.545454545454
118,34,0.08161501551685738,8604.5
51,33,0.08157030922627474,7570.939393939394
662,34,0.08155641659928536,8821.411764705883
369,33,0.08151439924029996,6801.636363636364
457,33,0.081469841977509,5694.121212121212
287,33,0.08146311200998001,8545.60606060606
366,34,0.08142709854424429,6210.441176470588
559,34,0.08142320573880915,6037.705882352941
391,33,0.08136158437125846,5822.848484848485
635,34,0.08134254663129617,5962.14705882353
542,33,0.081278975862009,6346.272727272727
638,33,0.08126315051451376,6669.030303030303
721,34,0.08125123943503389,7912.235294117647
872,33,0.08122926311534298,8143.333333333333
901,34,0.08121826990429505,6971.558823529412
613,34,0.08120843775934664,6416.64705882353
451,33,0.08120732124515553,5886.545454545455
277,33,0.0812021817192843,6386.969696969697
963,34,0.08115076937065067,11143.735294117647
817,34,0.08109593598116732,21449.29411764706
2,34,0.08102347693883863,4989.117647058823
833,33,0.08098869189446571,5822.666666666667
323,33,0.08093581983055072,7967.909090909091
807,33,0.0807819929048749,10573.363636363636
1042,33,0.08077050727415416,4284.939393939394
403,33,0.08067850251068341,8014.727272727273
296,33,0.0806352067580443,6912.606060606061
830,34,0.08061346974341617,6460.382352941177
342,33,0.0805844054833684,11869.666666666666
739,33,0.08055356397576251,11283.151515151516
930,33,0.0805280733202376,7260.666666666667
813,33,0.08046145613717456,6063.424242424242
642,33,0.08044703808495739,3772.5454545454545
134,34,0.08039823147997088,4774.176470588235
77,33,0.08039125680181385,8169.545454545455
399,33,0.08039015689157737,6250.30303030303
898,34,0.08036155105329916,6887.5
695,33,0.08036068330493623,5876.848484848485
718,33,0.08034710726275895,8155.757575757576
743,34,0.08032851700697174,3922.529411764706
1095,34,0.08030862824088679,4958.14705882353
576,34,0.08029241065935055,6876.882352941177
339,33,0.08023874874302547,5618.818181818182
404,33,0.08018217942707574,5208.060606060606
1061,33,0.0801470243754638,8730.818181818182
693,33,0.08012094162336836,6861.333333333333
754,34,0.08010693873439638,7430.764705882353
860,34,0.08009512103307431,6489.558823529412
1054,34,0.08008378723782773,6139.794117647059
589,33,0.08002182374573623,5196.363636363636
261,33,0.08001460923220387,11807.121212121212
190,33,0.07998522521400529,8052.727272727273
924,33,0.07991324009583657,4775.272727272727
781,34,0.07990019156653924,4890.941176470588
811,34,0.0798991490095226,4147.0
387,33,0.07984867986283295,9627.30303030303
616,33,0.07984274702172278,8824.212121212122
348,33,0.07984034034145401,9286.151515151516
652,34,0.07983660254913878,7092.735294117647
53,34,0.07973420878537878,5253.911764705882
1106,34,0.07971470030977325,4985.14705882353
319,34,0.07971313019733628,7638.294117647059
1009,33,0.07968525174253473,4946.575757575758
884,33,0.07965117859612804,6493.484848484848
1048,34,0.0796387356279411,7692.382352941177
31,34,0.07958230134414632,5801.088235294118
244,33,0.07947567033972402,5664.909090909091
857,33,0.07946401057755603,8363.787878787878
259,42,0.07944214157125208,13705.642857142857
436,34,0.07944043561019634,5541.058823529412
899,34,0.07938370782140883,5344.264705882353
464,34,0.07937002109161378,10142.411764705883
1041,33,0.07932032093569451,6274.757575757576
962,33,0.07931463530450018,7250.515151515152
951,33,0.07925090204911468,8609.515151515152
703,33,0.07914901782468527,3469.090909090909
849,34,0.07913766039263928,8470.176470588236
1069,34,0.07912550043633232,6423.323529411765
667,34,0.07906134233368962,8826.470588235294
534,33,0.07888971316053896,8070.121212121212
1029,34,0.07888269897346589,5575.14705882353
808,34,0.07887471755552931,7731.0
656,33,0.0788690081194826,3429.121212121212
138,34,0.07884802752076396,7772.470588235294
633,33,0.07881243298536338,7699.878787878788
334,33,0.0787659123599371,5621.424242424242
580,34,0.07874751126309258,9924.882352941177
850,33,0.07869031986426485,6590.272727272727
44,34,0.0786762471786711,5473.794117647059
419,34,0.07863224764288276,5675.294117647059
196,34,0.07858861459630644,5360.382352941177
793,33,0.07843155405959505,5325.272727272727
790,33,0.07835863932713054,7927.909090909091
575,33,0.07834727462782004,5620.969696969697
835,33,0.07832629885024632,5806.69696969697
531,34,0.07828421636650483,5187.64705882353
105,33,0.07828204892201451,5228.69696969697
986,33,0.07827967830157372,5281.424242424242
145,33,0.07827473221861254,7666.424242424242
49,33,0.07825815368061047,8028.272727272727
365,33,0.07817988152572332,5694.939393939394
555,33,0.07817462409049687,4885.545454545455
361,34,0.07814992269116633,6454.176470588235
1001,34,0.07812197550253512,5869.588235294118
966,33,0.07805191061506249,5119.060606060606
284,33,0.07795122759295559,5636.757575757576
1091,34,0.077951203502937,8425.235294117647
355,34,0.07794348178717651,8911.5
282,34,0.07793975874163947,4764.823529411765
329,33,0.07793226405784157,7405.393939393939
1078,33,0.07782528095817777,7462.090909090909
773,33,0.07779455312655663,5379.787878787879
191,33,0.07778644768439193,6997.454545454545
725,34,0.077773652314881,5887.85294117647
798,34,0.07770691657448993,7619.882352941177
940,34,0.07753685301813892,7847.5
993,34,0.07749671396079082,7929.617647058823
1007,34,0.07747804055300868,7429.64705882353
396,34,0.07742115334172432,10387.970588235294
557,33,0.07740553449055924,4375.181818181818
1109,33,0.07739947383828888,5045.393939393939
243,33,0.07735366334609961,7042.818181818182
132,33,0.07735268308321983,7601.606060606061
1098,34,0.07733916025216175,5542.029411764706
983,33,0.07733029108173106,8939.09090909091
758,33,0.07732325418798099,4933.939393939394
167,34,0.07725984875676709,9664.323529411764
447,34,0.07722779381186808,5521.029411764706
477,33,0.07717797102803216,6479.212121212121
600,34,0.07715480359635335,7390.235294117647
809,33,0.07706547017743774,10404.121212121212
328,33,0.07702185834475833,4606.787878787879
982,34,0.07697074975281344,8442.14705882353
501,33,0.07697013274164902,5061.575757575758
1003,33,0.07693709849779516,7419.181818181818
829,33,0.0769103014211329,5970.909090909091
799,33,0.0768998505965343,10422.878787878788
1044,33,0.0768763246184562,6333.575757575758
585,34,0.07683806172020365,4875.294117647059
73,34,0.07682007977452086,4683.941176470588
386,33,0.07671536814633619,7087.333333333333
691,33,0.07667269824371681,8706.09090909091
469,34,0.07666302189699009,11536.882352941177
763,34,0.07654348480021177,6292.588235294118
1105,33,0.07644315010423826,5491.606060606061
346,33,0.07642031491545243,7992.666666666667
235,33,0.07641136574933242,5602.393939393939
700,33,0.0763715074334062,4546.757575757576
789,33,0.076365050230097,3885.757575757576
961,33,0.07634755980022871,6912.636363636364
728,33,0.07633460310987927,5654.757575757576
647,34,0.07627113067974581,6003.764705882353
950,33,0.07620645888349813,5915.181818181818
920,33,0.07618774277936534,6303.545454545455
855,33,0.07615897885635892,6214.727272727273
227,33,0.07613841895218972,6792.272727272727
771,33,0.07612793945362471,7186.030303030303
946,33,0.0760634211647478,4389.727272727273
889,34,0.07602841852208507,4246.64705882353
523,34,0.07601250962215955,14025.823529411764
639,33,0.07599608519122127,4602.424242424242
919,33,0.07599586989483566,5658.212121212121
378,33,0.07598598994296529,7279.363636363636
1020,33,0.07594361308508765,9174.030303030304
541,33,0.07589825501834403,7130.454545454545
659,33,0.07587725986209042,5596.575757575758
56,33,0.07587129304077735,8720.181818181818
289,33,0.07583880761077288,6474.363636363636
516,33,0.0757852946026412,6460.757575757576
278,34,0.07578467793396985,7314.588235294118
900,33,0.07574676182538981,6511.393939393939
249,34,0.0757389821452161,5507.705882352941
17,34,0.07572223233561337,6201.029411764706
1016,33,0.07571796039975486,5891.484848484848
612,33,0.07570372355138255,6829.242424242424
166,33,0.07569765206126057,5689.757575757576
806,33,0.0756615794257688,7252.424242424242
15,34,0.0756415439592338,7010.088235294118
1038,33,0.07561823724945296,6166.515151515152
1002,34,0.07560873083647203,6867.14705882353
332,34,0.07555867917002719,3740.4411764705883
212,34,0.07553511746288274,4641.058823529412
246,34,0.07553366796350462,7309.35294117647
512,42,0.07553018258458048,6606.309523809524
331,33,0.07553000603542857,5826.727272727273
968,34,0.07550496877241647,7568.294117647059
640,33,0.07548181711505741,12657.939393939394
654,34,0.07547231359472416,6851.029411764706
644,33,0.07543701320722696,9402.939393939394
55,34,0.07538788244419764,5352.029411764706
253,33,0.07529845861943908,5845.848484848485
1077,33,0.07526150776201668,4802.727272727273
861,33,0.07523793695339744,4099.212121212121
999,34,0.07521476921015907,9303.882352941177
645,33,0.07518650111767013,11189.939393939394
870,34,0.07511990878256153,7174.117647058823
812,34,0.07510416858645587,6526.205882352941
495,33,0.07510098022293954,5640.060606060606
162,33,0.07505238660797889,8045.666666666667
281,34,0.07504921763248269,6088.205882352941
489,34,0.07503298349376515,7421.735294117647
843,34,0.07502579130436274,9157.70588235294
593,34,0.07498787586243172,9651.20588235294
384,34,0.07498320201284187,9437.735294117647
529,34,0.0749692080749819,8207.5
564,33,0.07493784474688692,6290.575757575758
886,33,0.074885790726672,7198.151515151515
353,42,0.07487343915345063,7071.0952380952385
756,33,0.07485296860008153,18142.696969696968
408,33,0.07473300955064531,5073.545454545455
766,33,0.07468582580785106,7056.060606060606
994,33,0.07467575127486847,5161.060606060606
1010,34,0.07464424771752583,9443.382352941177
154,33,0.07459950574487487,9568.0
780,34,0.07458871347036891,6647.382352941177
791,33,0.0745817251881427,9291.363636363636
59,34,0.07456064499057728,5576.529411764706
774,34,0.07450382444366496,5592.764705882353
406,33,0.07445711297648307,7567.030303030303
672,34,0.07442368711721693,8517.79411764706
380,33,0.07441225896061918,15140.515151515152
737,33,0.07433923406753858,6426.757575757576
810,33,0.07430057794671119,6140.757575757576
158,33,0.07429302886731784,8686.151515151516
1040,33,0.07429267296042795,9235.666666666666
23,33,0.07423647169298783,5752.545454545455
775,33,0.07423492347913481,9042.484848484848
1043,34,0.07415840671322207,8194.14705882353
1072,33,0.07413387557154694,7761.969696969697
582,33,0.0741063657093644,7215.484848484848
597,33,0.07410474164764297,5526.939393939394
83,33,0.07408451421131843,4196.909090909091
291,34,0.07396011075524248,7920.0
234,33,0.07390003232902255,11827.727272727272
57,34,0.07387866002676156,9248.20588235294
934,33,0.07383495633065258,7039.969696969697
978,34,0.07376809070010379,7748.5
937,33,0.07374068669782445,7926.0
1037,33,0.073712891543812,6745.636363636364
188,33,0.07359968793926909,5477.090909090909
595,34,0.07355820318195017,16050.058823529413
1111,33,0.07347359052350526,4960.454545454545
197,34,0.07342651482977396,6968.117647058823
760,34,0.07330651130518762,8239.5
1080,33,0.07326937538349565,10925.333333333334
1039,33,0.07326123232605328,8614.060606060606
260,34,0.07325405955564937,6382.764705882353
767,34,0.07323368348512126,5973.058823529412
290,33,0.07322928541244374,7594.545454545455
1055,34,0.07311666389107964,7785.529411764706
472,34,0.07310510574135119,5346.441176470588
64,33,0.07307341570793595,11735.515151515152
967,33,0.07305391632184229,8392.454545454546
123,34,0.07299398416294116,8186.941176470588
707,33,0.07294653416086727,8995.60606060606
726,34,0.07284482701476201,11208.117647058823
1006,34,0.07283543377712136,6762.941176470588
364,33,0.07279373597265242,5291.090909090909
1046,34,0.07279172673409744,9329.70588235294
32,33,0.07278606069329566,4236.30303030303
248,34,0.0727629107625532,7803.323529411765
359,33,0.07275889317475596,7014.818181818182
1035,34,0.07275380906111363,4838.205882352941
88,34,0.07268083398030724,6276.294117647059
280,33,0.07267152669742453,6427.666666666667
10,34,0.07255365410417201,6077.911764705882
410,33,0.07255297290630852,7129.575757575758
828,34,0.07252961729711178,5444.705882352941
206,33,0.07251112406940544,8241.848484848484
759,33,0.07249386628766552,7551.878787878788
784,33,0.07243025194038143,7107.424242424242
315,34,0.07242052940415074,4331.264705882353
923,34,0.0723969332969763,5627.764705882353
6,34,0.07236814955790447,4887.058823529412
520,34,0.07235663420596379,4042.4411764705883
836,34,0.07233940366767205,6227.088235294118
586,33,0.07226136913594255,16155.242424242424
957,34,0.07225148646567825,8536.941176470587
362,33,0.07217927716371271,9707.515151515152
292,34,0.07216049835772703,6150.382352941177
1022,33,0.07210170663707709,7861.666666666667
906,33,0.07207115354097016,11040.0
93,33,0.07203807316282068,6180.878787878788
814,34,0.07201505347618817,8797.529411764706
178,34,0.07193302288948743,10332.70588235294
928,33,0.07192539502806017,8442.575757575758
1096,33,0.0719247842350575,6316.30303030303
945,34,0.07192383305260978,4384.617647058823
112,34,0.07192040498507865,6385.64705882353
544,34,0.07191842421209674,13752.85294117647
622,34,0.07183247601490295,4376.0
648,34,0.07181457879576188,6726.64705882353
425,33,0.07179204216714054,3488.060606060606
413,33,0.07173339613665385,7311.909090909091
479,34,0.07173202092123854,11362.911764705883
947,33,0.07171096939637488,8084.515151515152
228,33,0.07167600297753143,8846.09090909091
1033,34,0.0716324562470959,14643.441176470587
184,33,0.07162613723170758,7053.69696969697
514,33,0.07159289871318224,6519.878787878788
82,33,0.07157059212343776,9594.333333333334
621,33,0.07156282736318004,6210.212121212121
1063,34,0.0715377317395051,4634.588235294118
60,34,0.07152253915460954,9245.382352941177
30,33,0.07145806899605549,4367.060606060606
549,34,0.07145417731724861,4888.35294117647
454,34,0.0714507478074893,5944.558823529412
913,33,0.0714451777355903,9051.757575757576
610,33,0.07142849665336747,4445.454545454545
370,33,0.07141521929528968,8267.39393939394
160,33,0.07140952653188284,5828.0
716,33,0.07132580119691723,5870.969696969697
446,33,0.07123679755862364,4915.69696969697
824,34,0.07123161042323303,7391.029411764706
146,33,0.07121453639539216,8759.09090909091
135,33,0.07120969271511604,6542.333333333333
247,33,0.07111121685639338,8723.272727272728
151,34,0.0711086322782014,7381.058823529412
880,33,0.07107849541123694,8093.484848484848
397,33,0.07091541891568684,6308.333333333333
936,33,0.07089103969623899,7105.030303030303
303,33,0.07087899189072133,6203.909090909091
494,42,0.07086631798393589,7900.0
487,34,0.07083904951092891,7334.235294117647
985,33,0.07082459611466786,8648.0
632,34,0.0707735432528954,7869.235294117647
1024,34,0.07075202850625933,6224.323529411765
108,33,0.07071809580024555,13063.212121212122
128,33,0.07070747475839415,8548.333333333334
603,33,0.07070083218576977,7639.909090909091
106,34,0.07063072487939474,8933.64705882353
1087,34,0.07061521401629461,6892.85294117647
465,33,0.07058170353669367,8568.939393939394
746,33,0.0705588910980744,7076.181818181818
1051,33,0.07052814574868833,8095.878787878788
155,33,0.07049670277344033,7241.909090909091
618,33,0.07047887595161614,7722.121212121212
1005,33,0.07043674285513804,6575.939393939394
241,33,0.07042762225953027,7272.30303030303
594,34,0.07042146817488788,4469.823529411765
411,33,0.07041428675872918,10278.575757575758
119,34,0.07036298851610766,6206.588235294118
865,33,0.07031972069231404,8611.757575757576
637,33,0.07031559599712311,9345.787878787878
987,34,0.07031246538084839,6926.882352941177
316,33,0.07028461611337455,10714.69696969697
159,33,0.07026988911044992,8085.060606060606
199,33,0.07019707364204242,8932.181818181818
86,33,0.07018328324663259,4872.666666666667
882,33,0.07015001448974134,6509.909090909091
116,34,0.06999859042320314,7493.235294117647
354,33,0.06996920051951197,9226.242424242424
8,34,0.06992109332945927,6328.558823529412
943,33,0.06990889017407036,7539.333333333333
181,33,0.06990554816352638,6342.757575757576
714,33,0.06988763586598806,5393.121212121212
221,34,0.06987825472658805,6229.705882352941
689,33,0.06983227576983639,6943.454545454545
222,34,0.06978114027777518,5322.470588235294
673,33,0.06975540238693403,8135.060606060606
536,33,0.06974800241334714,8566.757575757576
631,34,0.06970468631671926,5891.205882352941
271,34,0.06968802216033919,8049.35294117647
927,33,0.06966206458082085,6976.333333333333
768,34,0.06964654576318272,13309.14705882353
602,33,0.06963069643780083,6736.606060606061
526,34,0.06961348058834488,10998.529411764706
592,33,0.06957356451427993,4660.515151515152
878,34,0.06955186165326666,8732.264705882353
496,34,0.06954300092968492,8369.441176470587
97,34,0.06954131567340348,7131.911764705882
471,33,0.06953896302938692,7176.818181818182
250,33,0.0695387829016209,9432.939393939394
343,33,0.06952608926680173,8137.30303030303
1,33,0.06950361589868088,4490.969696969697
838,34,0.06948905265467603,8973.411764705883
90,33,0.06941029629360274,9004.363636363636
467,33,0.06937867614855683,14040.515151515152
1011,33,0.06928521068631746,7337.151515151515
12,34,0.0692820797708548,7845.970588235294
933,34,0.06927081991463986,7616.970588235294
975,33,0.06917794107800411,7939.030303030303
211,34,0.06917014993554597,13970.14705882353
935,34,0.0691227466125704,5681.970588235294
818,33,0.06911755110306421,6939.818181818182
540,33,0.06897547518991722,7179.636363636364
606,34,0.06889578352666648,6002.529411764706
973,33,0.06879983005055323,7479.878787878788
847,33,0.06875474760090072,6741.151515151515
431,33,0.06872430464223665,10463.212121212122
992,33,0.06871095014843377,5705.515151515152
907,33,0.06865163815013035,7285.636363636364
508,33,0.06865128499845671,7576.666666666667
7,34,0.06863587601133302,9136.117647058823
405,33,0.0686198274011562,4711.181818181818
1021,34,0.06861728917720461,9810.617647058823
734,33,0.06855073416773345,5876.666666666667
226,33,0.06853968711404437,7150.969696969697
256,33,0.06852671013316182,8707.787878787878
19,33,0.06851353591608829,7245.30303030303
653,33,0.06851220898339096,6080.060606060606
156,34,0.06841735005493227,6983.029411764706
279,33,0.06837293285673947,10616.636363636364
697,33,0.06826512477490958,11657.878787878788
3,33,0.06826055863560508,7302.30303030303
486,33,0.06819743503945527,4637.060606060606
1025,33,0.0681036083288093,7669.151515151515
294,33,0.06796495302887322,6227.181818181818
643,34,0.06795882100073182,7762.970588235294
877,35,0.06794092427397347,6242.371428571429
251,33,0.0678835970920451,20479.090909090908
948,42,0.06786112489196534,8573.238095238095
605,33,0.06781410403063944,7639.272727272727
236,34,0.06776763950314653,7753.0
738,33,0.06775796824705536,9417.969696969696
179,33,0.06774546219882144,7819.939393939394
127,33,0.06772374847977132,5464.181818181818
887,33,0.06769197478004448,7161.181818181818
1060,33,0.06768096769801525,7615.666666666667
776,33,0.06757865130556162,5023.939393939394
779,34,0.06755050819251396,7387.558823529412
984,33,0.06752622080214997,6615.727272727273
569,34,0.0674249506725762,4694.205882352941
995,34,0.06741190926728385,9865.970588235294
273,33,0.06734990672758133,8113.090909090909
570,33,0.0673470132010253,4383.060606060606
755,34,0.06732759912026999,11243.970588235294
349,34,0.06728042890094064,9073.176470588236
172,33,0.06727710167987246,7254.878787878788
202,33,0.06725248541643461,6891.151515151515
623,33,0.06724918332713467,7328.69696969697
876,34,0.06714198575420828,9436.235294117647
1097,42,0.06711749341036302,11216.285714285714
921,34,0.06710579707453022,9327.0
682,42,0.06709353546296364,11409.690476190477
620,33,0.06706153930097243,8822.757575757576
551,34,0.067057426381458,6749.705882352941
48,34,0.06704135772273222,3612.0
417,33,0.06704073938999217,7449.484848484848
115,33,0.0670048960079273,8438.939393939394
109,34,0.06690399175391226,6666.735294117647
497,33,0.0666935945498479,9419.030303030304
926,33,0.06666858031948326,8064.727272727273
143,33,0.06663627513705968,6666.030303030303
730,34,0.06661690828535614,7372.529411764706
609,34,0.06659860314022514,4943.14705882353
456,33,0.06648703313644964,6310.939393939394
352,34,0.0664825936171603,6768.0
148,34,0.06645237178187861,9337.941176470587
223,34,0.06644033692053494,7481.5
18,34,0.06637340994985248,7154.058823529412
200,33,0.06636383879357834,8261.030303030304
894,33,0.06608386021669291,8979.818181818182
832,33,0.06607959968946713,7014.818181818182
579,33,0.0660275871431112,8250.121212121212
54,34,0.06594548538617698,8147.882352941177
1092,33,0.06593273722675602,12599.121212121212
929,34,0.06591490302021452,6089.470588235294
690,33,0.0659063257757853,5907.666666666667
1052,33,0.06586953356058184,7553.818181818182
741,34,0.06586061107778031,8391.235294117647
664,34,0.06584858395443534,5375.676470588235
308,33,0.06581097869020744,9041.545454545454
180,34,0.06574720771304028,7609.764705882353
372,33,0.06568440192416852,9740.848484848484
42,33,0.06563032937806193,10695.636363636364
272,33,0.06559303396303671,6331.878787878788
757,33,0.06548217131303967,7154.333333333333
424,33,0.06535776758669071,7964.0
535,33,0.06534223999751039,8843.121212121212
821,34,0.0653419650300028,7217.058823529412
314,33,0.06532972776608668,5264.69696969697
237,34,0.06512191891616181,4934.088235294118
1114,34,0.0649857400747264,22602.617647058825
304,34,0.06498111016714496,7089.058823529412
309,33,0.06497147602411323,7262.909090909091
240,34,0.06495708658435634,5217.5
979,34,0.0649396155155358,6842.705882352941
381,34,0.06493889628122167,9212.85294117647
532,33,0.06486259790776473,11831.424242424242
47,34,0.06485060678559382,7573.176470588235
617,34,0.06482243744404795,6614.676470588235
264,34,0.06481383309319576,6995.764705882353
69,33,0.06480768954330329,9122.09090909091
27,33,0.06480403366448512,10114.272727272728
670,33,0.06480302540826216,6871.272727272727
1085,34,0.0648003567365323,7267.705882352941
969,33,0.06479881393482631,3993.121212121212
161,33,0.06478198668775507,8017.666666666667
480,34,0.06466230284869112,5048.411764705882
427,33,0.06464099325509672,7640.363636363636
692,33,0.06459346266562248,6755.878787878788
977,33,0.0645490357313481,4694.424242424242
459,34,0.06428747105283175,9140.588235294117
358,33,0.06426003691619413,10966.0
70,32,0.0642415597210237,6979.0625
537,33,0.06419701549795934,6408.363636363636
117,33,0.06417956334402265,3939.3030303030305
360,34,0.06416401856537063,7201.382352941177
895,33,0.06407257973531455,10207.09090909091
787,34,0.06397199499012128,10697.29411764706
932,33,0.06396722925861219,7642.69696969697
1089,33,0.06395013505103343,11143.454545454546
848,33,0.06394999803096499,6926.121212121212
4,34,0.0639296741838369,9831.676470588236
916,33,0.06390527557444707,5760.060606060606
960,33,0.06389227362875184,7264.333333333333
439,34,0.06381208996822342,7450.970588235294
189,33,0.06380863045687783,8885.818181818182
351,33,0.06374694820800517,6518.909090909091
452,34,0.06370446689711051,4652.617647058823
545,33,0.06363955578007134,11811.848484848484
561,33,0.06351259296006369,7198.393939393939
744,33,0.0632806926561943,7851.575757575758
911,34,0.0632733653702601,9981.35294117647
392,33,0.06323735703949972,7816.424242424242
552,33,0.06322567116355636,7935.848484848485
357,34,0.06319569073921487,8043.470588235294
965,33,0.06314559723990104,8114.848484848485
562,42,0.06312769593276203,18106.071428571428
238,33,0.06308087365746697,7674.454545454545
205,34,0.06307456394226571,6676.911764705882
298,33,0.06303601914284034,9051.575757575758
1034,34,0.06303567230440409,6535.794117647059
71,33,0.06297394281402316,9306.727272727272
823,34,0.06292942524909192,6249.117647058823
107,34,0.06288778329502706,7845.588235294118
213,33,0.0626654226668107,9025.787878787878
566,34,0.06263172686235982,5592.294117647059
195,33,0.06259551432227238,11463.30303030303
493,33,0.06258591868260208,9296.363636363636
742,33,0.062353490831924034,8695.484848484848
204,33,0.062325593252296446,5850.787878787879
207,34,0.062318846417599535,11371.588235294117
665,33,0.06226788992409008,8209.666666666666
24,33,0.06225702849412224,10347.727272727272
834,34,0.062217647418707445,6138.235294117647
137,33,0.062209697035066534,8981.545454545454
36,33,0.062170049336598955,9898.69696969697
1107,33,0.062099085874180907,6492.575757575758
92,33,0.062097374281270955,6752.242424242424
140,33,0.062018659174470595,7878.484848484848
111,33,0.06199798142873236,7122.0
389,34,0.06197734932099775,10905.529411764706
418,33,0.061935930953318445,5540.393939393939
572,33,0.06158743096739348,7214.030303030303
976,33,0.0614635855944014,7312.121212121212
1047,33,0.061448600030624925,5095.454545454545
1064,33,0.06143312551166186,10191.060606060606
1062,33,0.06141096958285195,6442.878787878788
46,33,0.06134221180354433,5596.181818181818
79,33,0.06125396549687554,5729.242424242424
377,34,0.06123481686031957,8253.382352941177
1090,34,0.06117930065773021,6556.117647058823
175,34,0.06105349350210805,6234.0
448,33,0.060999482390274196,8982.666666666666
533,33,0.06099785461663336,11152.575757575758
270,34,0.06096277749259117,10233.823529411764
153,33,0.060854943467701136,6823.181818181818
1101,34,0.06084208959503456,10365.617647058823
224,33,0.0607965784673741,7666.151515151515
67,33,0.06073338080041285,8315.0
142,33,0.06069861439178741,4694.787878787879
1059,34,0.06067885525017657,8902.088235294117
1013,33,0.060674810544616584,3832.3333333333335
888,34,0.06061564304726055,9098.14705882353
29,33,0.060602822424665206,8823.939393939394
683,34,0.06053640542754186,8775.529411764706
293,34,0.06053065020299034,6434.558823529412
527,33,0.06050300119499936,11693.181818181818
1075,34,0.06048411848598877,12200.79411764706
1079,33,0.06045508703854388,8486.242424242424
383,33,0.06036019264795957,17356.78787878788
230,34,0.06035618955535302,8207.35294117647
651,33,0.060296371516321376,7970.0
819,34,0.06028926337452998,6010.323529411765
333,34,0.06024839894328837,10382.088235294117
511,34,0.06023140035135126,5806.764705882353
245,33,0.060187614492559834,9805.212121212122
655,33,0.06016690122656239,9325.484848484848
481,33,0.060147289768659115,6075.30303030303
376,34,0.06014483479535808,8530.029411764706
954,33,0.06012294917720533,7108.878787878788
470,33,0.060104897334983885,12684.545454545454
344,34,0.05997207338331615,9542.323529411764
498,33,0.05992899898435729,7375.575757575758
84,33,0.05992711661597489,13945.030303030304
668,34,0.059927114177799924,9276.117647058823
473,33,0.0599087779637834,3612.2727272727275
513,34,0.059847545232200476,17937.5
565,33,0.05977734014731247,7179.151515151515
1026,33,0.05974417732161924,10043.90909090909
731,33,0.059702733246475057,9628.90909090909
783,34,0.059669218318068824,7413.441176470588
507,33,0.05961314726721267,9091.363636363636
698,34,0.05957660932258069,17202.558823529413
567,33,0.05948275937257056,5154.848484848485
62,33,0.05936511804804775,6931.818181818182
432,34,0.05901755991190562,11754.941176470587
233,33,0.058987363997361666,10201.272727272728
9,33,0.05896536355176732,7918.515151515152
341,33,0.05888517017580142,6035.606060606061
599,34,0.05885493330291075,10156.64705882353
846,33,0.058719601298603645,9549.969696969696
120,33,0.058481212504915635,7408.575757575758
890,33,0.05846151125865656,6459.575757575758
390,34,0.05840782197678823,12361.029411764706
546,34,0.05814373828952631,14823.79411764706
171,33,0.05810959431279473,8874.484848484848
416,34,0.058060810151892774,11471.176470588236
591,33,0.058020146861615995,5994.727272727273
679,34,0.0579496489355195,10277.20588235294
724,33,0.05790818147706376,7539.848484848485
363,34,0.05789578849230578,7452.411764705882
16,33,0.05789364442606205,8221.30303030303
1008,34,0.05760233805173866,5670.794117647059
958,34,0.05756039888347165,4037.794117647059
94,33,0.057364898637965914,7855.272727272727
252,33,0.05727060927229479,10794.333333333334
320,34,0.05720098887596625,14779.117647058823
147,33,0.056973208503824035,8704.515151515152
938,34,0.056857388000174716,9728.79411764706
792,33,0.056735744087499124,7340.606060606061
502,33,0.05671061534246598,10760.515151515152
336,33,0.0565937577334985,13922.424242424242
426,33,0.05648735075813781,5308.848484848485
478,34,0.05633964910532172,6989.323529411765
761,34,0.0563104839970862,9570.411764705883
704,34,0.05629888478839633,11456.911764705883
949,34,0.05629262661983392,5429.5
168,33,0.056222677309987534,7837.939393939394
506,33,0.056015975453171295,7501.878787878788
76,33,0.05600480641508965,9535.666666666666
658,33,0.055970292041541116,5962.606060606061
295,33,0.055836680480269914,6175.393939393939
400,34,0.05579759058049915,9111.64705882353
176,33,0.0555764285324179,5460.545454545455
14,33,0.05531742934221335,5806.424242424242
33,33,0.05524889003128119,8769.757575757576
615,33,0.055219917099053585,9650.69696969697
311,33,0.055203627423701426,7123.666666666667
490,33,0.0551700749965313,8548.848484848484
1071,34,0.05511908231537987,6319.14705882353
733,42,0.05469686711039577,15706.97619047619
1053,34,0.05449190610888539,9024.617647058823
374,34,0.05444637219721452,7542.764705882353
509,33,0.054427920827247,6228.969696969697
312,33,0.05441410193820858,5722.30303030303
862,34,0.05440587476167085,8294.823529411764
720,34,0.05427789679748093,7265.823529411765
896,34,0.0540190534710788,6929.794117647059
104,34,0.054013645171347054,10811.70588235294
129,33,0.05370585446290394,9422.272727272728
157,33,0.05358312475173778,10418.363636363636
539,33,0.05356096378128654,11547.787878787878
466,33,0.05303957818318929,8232.69696969697
152,33,0.05288399075022541,5760.424242424242
449,33,0.05287808397751463,10910.09090909091
974,33,0.05284635569069746,12434.969696969696
826,33,0.052812893133174686,9477.757575757576
856,34,0.05246677304362393,7298.058823529412
816,33,0.05205933728893441,5036.242424242424
34,34,0.05196913503224028,8450.470588235294
163,34,0.05194573834147305,7038.264705882353
173,34,0.05157301550952403,8213.441176470587
560,34,0.05150731943103036,14464.676470588236
959,34,0.05129727174155237,7455.794117647059
796,33,0.05050804695664281,7986.848484848485
909,33,0.05025253286240399,11238.575757575758
26,34,0.05016559783982987,7030.058823529412
729,33,0.049555352424530685,11760.181818181818
831,33,0.04910391599724749,13616.939393939394
297,33,0.04853343017551972,7259.484848484848
788,34,0.04850697951502204,18651.441176470587
701,33,0.048365375761935045,6137.424242424242
388,33,0.048011973579573854,11012.818181818182
74,33,0.04776932762933504,6381.121212121212
528,33,0.04701568225130788,11174.39393939394
853,33,0.046878862981547,9826.272727272728
1066,33,0.046801683186829465,11689.454545454546
141,33,0.04501837077917147,5681.848484848485
